model,rmse,r2
ridge,1.3456511860359153,0.969065330429212
svr,1.3842389944578948,0.9672657312993952
rf,1.4549681819523848,0.9638350826843043
